{"_____|a":1.9644579398499982,"__a__|b":-1.0990000000000002,"__a__|c":-0.199,"__a__|d":-0.11424671347145264,"__a__|e":0.018785739267298054,"__a__|f":-0.1,"__a__|g":0.28402719267298027,"g_a__|h":-0.1,"g_a__|i":0.399698,"g_ai_|j":-1.0,"_____|b":-0.1,"_____|c":-0.1,"_____|d":-0.18983952544028138,"_____|e":1.1831228115497454,"____e|f":-0.1,"____e|g":-0.1,"____e|h":-1.0,"g_ai_|b":-0.1,"g_ai_|c":-0.1,"g_ai_|d":-0.1,"g_ai_|f":-0.1,"g_ai_|h":-0.1,"g_ai_|k":-1.0,"g_ai_|e":-0.1,"g_ai_|l":-0.1,"g_ai_|m":-0.1,"g_ai_|n":0.38,"g_ain|b":-0.1,"g_ain|c":-0.1,"g_ain|d":-0.1,"g_ain|f":-1.0,"____e|b":0.006848000000000007,"____e|c":-0.0010000000000000009,"____e|d":-0.1,"____e|i":1.0547430715089567,"__i_e|n":-0.1,"__i_e|f":-0.1,"__i_e|g":-1.0,"__a__|h":-0.1,"__a__|i":-0.1,"__a__|j":-0.1,"__a__|k":-0.1,"__a__|l":-0.1,"__a__|m":-0.6194738653802923,"g_ain|e":-0.1,"g_ain|h":-0.1,"g_ain|o":-0.1,"g_ain|j":-0.1,"g_ain|k":-0.1,"g_ain|l":-0.1,"g_ain|m":-1.0,"__a__|n":-0.1,"__a__|o":-0.1,"__a__|p":-0.1,"__a__|q":-0.18446631292771928,"__a__|r":1.0476307732678904,"_ra__|l":-0.1,"_ra__|b":3.9015786833270383,"bra__|c":-1.0,"_ra__|o":-0.082,"_ra__|n":-0.082,"bra__|d":-0.1,"bra__|e":6.998777212252598,"bra_e|c":-0.1,"bra_e|f":-0.1,"bra_e|h":-1.0,"_ra__|c":-0.1,"_ra__|d":-0.1,"_ra__|e":-0.1,"_ra__|f":-0.1,"_ra__|g":2.804185341110869,"gra__|h":-0.1,"gra__|i":4.215414912534201,"grai_|j":-1.0,"grai_|c":-0.1,"grai_|e":-0.1,"grai_|d":-0.1,"grai_|f":-0.1,"grai_|z":-0.1,"grai_|h":-1.0,"_____|g":-0.080984169295688,"bra_e|d":-0.1,"bra_e|i":-0.1,"bra_e|j":-0.1,"bra_e|k":-0.1,"bra_e|l":-0.019000000000000003,"bra_e|m":-1.0,"_____|v":-0.12379388093016337,"___v_|a":0.2,"__av_|b":0.2,"b_av_|c":-0.1,"b_av_|d":-0.1,"b_av_|e":0.2,"b_ave|f":-0.1,"b_ave|g":-0.1,"b_ave|h":-0.1,"b_ave|n":-0.1,"b_ave|i":-1.0,"_____|t":0.17292358589448947,"grai_|b":-0.1,"grai_|k":-0.1,"grai_|l":-0.1,"grai_|m":-0.1,"grai_|n":6.8618940391,"__i_e|b":-0.1,"__i_e|c":-0.1,"__i_e|d":-0.1,"__i_e|h":-0.1,"__i_e|j":-0.1,"__i_e|k":-1.0,"bra_e|n":-0.1,"bra_e|o":-0.1,"bra_e|p":-0.1,"bra_e|q":-0.1,"bra_e|v":8.649148282327008,"__i_e|l":0.31700000000000006,"__i_e|m":-0.1,"__i_e|o":-0.1,"__i_e|p":1.9775156193953571,"_pi_e|b":-0.1,"_pi_e|c":-0.1,"_pi_e|d":-1.0,"_pi_e|f":-0.1,"_pi_e|g":-0.1,"_pi_e|h":-0.1,"_pi_e|j":-0.1,"_pi_e|k":-0.1,"_pi_e|l":-1.0,"_pi_e|m":-0.1,"_pi_e|n":-0.1,"_pi_e|o":-0.1,"_pi_e|q":-0.1,"_pi_e|r":4.215414912534201,"_pire|b":-0.1,"_pire|c":-1.0,"_pire|d":-0.1,"_pire|f":-0.1,"_pire|g":-0.1,"_pire|h":-0.1,"_pire|j":-0.1,"_pire|k":-1.0,"_pire|l":-0.1,"_pire|m":-0.1,"_pire|n":-0.1,"_pire|o":-0.1,"_pire|q":-0.1,"_pire|s":6.8618940391,"__i_e|s":0.2519,"s_i_e|b":-0.1,"s_i_e|c":-0.1,"s_i_e|d":-0.1,"s_i_e|f":-0.1,"s_i_e|g":-0.1,"s_i_e|h":-1.0,"_pi_e|t":0.13151677598000006,"_ra__|k":0.15261946934521325,"_ra__|t":0.22432560931049794,"_ra__|h":0.22998267648034393,"bra__|w":0.47543861730968856,"____e|z":-0.07403667111528084,"__e__|b":-0.1,"__e__|c":-0.1,"__e__|d":-0.1,"__e__|f":-0.1,"__e__|g":-0.1,"__e__|h":-1.0,"_a___|b":-0.199,"_a___|c":0.16010000000000002,"_a___|d":-0.199,"_a___|e":0.12800000000000003,"_a___|f":-0.1,"_a___|g":-0.1,"_a___|h":-1.0,"__e__|i":-0.1,"__e__|j":-0.1,"__e__|k":-0.1,"__e__|l":-0.1,"__e__|m":-0.1,"__e__|n":-1.0,"e___e|b":-0.1,"e___e|c":-0.1,"e___e|d":-0.1,"e___e|f":-0.1,"e___e|g":-0.1,"e___e|h":-1.0,"_e_e_|b":-0.1,"_e_e_|c":-0.1,"_e_e_|d":-0.1,"_e_e_|f":0.2,"_efe_|g":-0.1,"_efe_|h":-0.1,"_efe_|i":-1.0,"____t|b":-0.1,"____t|c":-0.1,"____t|d":-0.1,"____t|f":0.2,"f___t|g":-1.0,"__ee_|b":-0.1,"__ee_|c":-0.1,"__ee_|d":-0.1,"__ee_|f":-0.1,"__ee_|g":-0.1,"__ee_|h":0.08000000000000002,"_hee_|i":-1.0,"c___e|b":-0.1,"c___e|d":-0.1,"c___e|f":-0.1,"c___e|g":-0.1,"c___e|h":-1.0,"_e__e|k":-0.1,"_e__e|b":-0.1,"_e__e|c":-0.1,"_e__e|d":-0.1,"_e__e|f":-0.1,"_e__e|g":-1.0,"_____|m":-0.11954834739527244,"m____|a":-0.1,"m____|b":-0.1,"m____|c":-0.1,"m____|y":-0.1,"m____|r":-0.1,"m____|d":-0.1,"m____|e":0.2,"m___e|f":-1.0,"a_a__|b":-0.1,"a_a__|c":-0.1,"a_a__|d":-0.1,"a_a__|f":-0.1,"a_a__|g":-0.1,"a_a__|h":-1.0,"_____|f":-0.7,"___a_|b":-0.1,"___a_|c":-0.1,"___a_|d":-0.1,"___a_|e":-0.1,"___a_|f":-0.16822,"___a_|g":-0.1,"___a_|h":-1.0,"a_a__|e":-0.1,"a_a__|i":0.2,"a_ai_|b":-0.1,"a_ai_|c":-0.1,"a_ai_|d":-0.1,"a_ai_|f":-0.1,"a_ai_|g":-0.1,"a_ai_|h":-1.0,"___a_|i":-0.1,"___a_|j":-0.1,"___a_|k":-0.1,"___a_|l":0.46927584980000014,"l__a_|b":-0.1,"l__a_|c":-0.1,"l__a_|d":-0.1,"l__a_|e":-1.0,"___e_|b":-0.1,"___e_|c":-0.1,"___e_|d":-0.1,"___e_|f":-0.1,"___e_|h":-0.027999999999999997,"__he_|i":-1.0,"__a__|s":-0.1,"__a__|t":-0.06743785005765986,"__a_t|w":-0.1,"__a_t|b":-0.1,"__a_t|c":0.08000000000000002,"__act|d":-0.1,"__act|m":-1.0,"__a__|u":-0.1,"__a__|v":-0.1,"__a__|w":-0.1,"__a__|x":-1.0,"_li_e|b":-0.1,"_li_e|c":0.08000000000000002,"_lice|d":-0.1,"_lice|f":-0.1,"_lice|g":-0.1,"_lice|h":-1.0,"____e|j":-0.1,"____e|k":-0.1,"____e|l":-1.0,"_a___|i":-0.1,"_a___|j":-0.1,"_a___|k":-0.1,"_a___|l":-0.1,"_a___|m":-0.1,"_a___|n":-1.0,"__e__|o":-0.1,"__e__|p":-0.1,"__e__|q":-0.1,"__e__|r":0.008027180000000023,"__er_|b":-0.1,"__er_|c":0.38,"c_er_|d":-0.1,"c_er_|f":-1.0,"____e|a":0.8824592,"__a_e|b":-0.1,"__a_e|c":-0.1,"__a_e|d":-0.19,"__a_e|f":-0.1,"__a_e|g":-1.0,"____e|m":-0.1,"____e|n":-0.1,"____e|o":0.29648,"__o_e|r":0.38,"__ore|b":-0.1,"__ore|c":0.2,"_core|d":-0.1,"_core|f":-1.0,"__ise|a":-0.1,"__ise|b":-0.1,"__ise|c":-0.1,"__ise|n":0.2,"n_ise|d":-0.1,"n_ise|f":-0.1,"n_ise|g":-1.0,"__e_r|a":0.2,"__ear|b":-0.1,"__ear|c":0.2,"c_ear|d":-0.1,"c_ear|f":-0.1,"c_ear|g":-0.1,"c_ear|h":-0.1,"c_ear|i":-0.1,"c_ear|j":-1.0,"__a_e|h":-0.1,"__a_e|j":-0.1,"__a_e|k":-0.1,"__a_e|l":-1.0,"___be|a":-0.1,"___be|c":-0.1,"___be|d":-0.1,"___be|f":-0.1,"___be|g":-0.1,"___be|h":-0.1,"___be|i":0.2,"__ibe|j":-1.0,"_a___|o":-0.1,"_a___|p":-0.1,"_a___|q":-0.1,"_a___|r":-0.1,"_a___|s":-0.1,"_a___|t":0.4748139578,"_a__t|b":-1.0,"___al|b":-0.1,"___al|c":-0.1,"___al|n":-0.1,"___al|d":-0.1,"___al|f":-0.1,"___al|g":-1.0,"_a__t|c":-0.1,"_a__t|d":-0.172,"_a__t|f":-0.1,"_a__t|g":-0.1,"_a__t|h":-0.1,"_a__t|i":-1.0,"__ee_|a":-0.1,"__ee_|i":-0.1,"__ee_|j":-0.1,"__ee_|k":-0.1,"__ee_|l":0.2,"_lee_|b":-0.1,"_lee_|c":-1.0,"___t_|b":-0.1,"___t_|c":-0.1,"___t_|d":-0.1,"___t_|f":-0.1,"___t_|g":-1.0,"_a__e|b":-0.1,"_a__e|c":-0.1,"_a__e|d":-0.1,"_a__e|f":-0.1,"_a__e|g":-0.1,"_a__e|h":-1.0,"__e_e|a":-0.1,"__e_e|b":-0.1,"__e_e|c":-0.1,"__e_e|d":-0.1,"__e_e|f":-0.1,"__e_e|g":-0.1,"__e_e|w":-1.0,"e____|a":0.398,"e_a__|b":-0.1,"e_a__|c":0.38,"e_ac_|d":-0.1,"e_ac_|f":-0.1,"e_ac_|g":-0.1,"e_ac_|h":-0.1,"e_ac_|i":-0.1,"e_ac_|j":-1.0,"_____|n":-0.0983952544028136,"_a__t|j":-0.1,"_a__t|k":-0.1,"_a__t|l":-0.027999999999999997,"_a_lt|b":-0.1,"_a_lt|c":-0.1,"_a_lt|d":-1.0,"e_ac_|b":-0.1,"e_ac_|k":-0.1,"e_ac_|l":-0.1,"e_ac_|m":-0.1,"e_ac_|n":-0.1,"e_ac_|o":-0.1,"e_ac_|p":-1.0,"_a__e|j":-0.1,"_a__e|k":-0.1,"_a__e|l":0.272,"_al_e|b":-0.1,"_al_e|c":-0.1,"_al_e|d":-0.1,"_al_e|f":-1.0,"___a_|m":-0.1,"___a_|n":-0.1,"___a_|o":-0.1,"___a_|p":0.08000000000000002,"_p_a_|b":-0.1,"_p_a_|c":-1.0,"_____|h":-0.06426052564162672,"____h|b":0.2,"b___h|c":-1.0,"__la_|b":-0.1,"__la_|c":-0.1,"__la_|d":-0.1,"__la_|g":-1.0,"___e_|a":-0.1,"___e_|g":-0.19,"___e_|i":0.166832,"_i_e_|b":-0.1,"_i_e_|c":0.08000000000000002,"ci_e_|d":0.2,"cide_|f":-0.1,"cide_|j":-0.1,"cide_|k":-1.0,"_____|i":-0.8424608480687386,"__e__|a":0.29000000000000004,"__ea_|b":-0.1,"__ea_|c":0.08000000000000002,"_cea_|d":-0.1,"_cea_|f":-0.1,"_cea_|g":-0.1,"_cea_|h":-0.1,"_cea_|i":-1.0,"_____|z":-0.044989143603887415,"_____|w":-0.1129326204391935,"_w___|a":0.2,"awa__|b":-0.1,"awa__|c":-0.1,"awa__|d":-0.1,"awa__|e":0.2,"awa_e|f":-0.1,"awa_e|g":-0.1,"awa_e|h":-1.0,"__e__|s":0.18708284000000003,"s_e__|b":-0.1,"s_e__|c":-0.1,"s_e__|d":-0.1,"s_e__|f":0.2,"s_e_f|g":-0.1,"s_e_f|h":0.2,"she_f|i":-1.0,"___e_|t":-0.1568368,"___e_|j":-0.1,"___e_|w":-0.1,"___e_|k":-1.0,"_i_e_|a":-0.1,"_i_e_|d":-0.1,"_i_e_|f":-0.1,"_i_e_|n":-0.1,"_i_e_|g":0.2,"_ige_|b":-0.1,"_ige_|h":-1.0,"_a__t|m":-0.1,"_a__t|n":-0.1,"_a__t|v":-0.1,"_a__t|o":-0.1,"_a__t|p":-1.0,"__ea_|d":-0.1,"__ea_|f":-0.1,